<?xml version="1.0" encoding="utf-8"?>
<feed xmlns="http://www.w3.org/2005/Atom"
    xmlns:rdf="http://www.w3.org/1999/02/22-rdf-syntax-ns#"
    xmlns:leap2="http://terms.leapspecs.org/"
    xmlns:categories="http://wiki.leapspecs.org/2A/categories/"
    xmlns:portfolio="https://eportfolio.u-pec.fr/export/leap/3611/1665318451/"
    xmlns:mahara="http://wiki.mahara.org/Developer_Area/Import%2F%2FExport/LEAP_Extensions#"
>
    <leap2:version>http://www.leapspecs.org/2010-07/2A/</leap2:version>
    <id>https://eportfolio.u-pec.fr/export/3611/1665318451</id>
    <title>Mahara Leap2A Export for Arthur PAILLOT, 09/10/2022 14:27</title>
    <updated>2022-10-09T14:02:31+02:00</updated>
    <generator uri="https://mahara.org/" version="2008122400">Mahara</generator>
    <author>
        <name>Arthur PAILLOT</name>
        <email>arthur1.paillot@etu.u-pec.fr</email>
        <uri>portfolio:artefactinternal</uri>
    </author>

    <entry>
        <title>Profile page</title>
        <id>portfolio:view30971</id>

        <updated>2022-09-30T10:10:03+02:00</updated>
        <published>2022-09-22T14:02:03+02:00</published>

        <summary type="xhtml"><div xmlns="http://www.w3.org/1999/xhtml"><div>Your profile page is what others see when they click on your name or profile picture.</div></div></summary>

   <subtitle type="xhtml"><div xmlns="http://www.w3.org/1999/xhtml"><div></div></div></subtitle>
        <content type="xhtml"><div xmlns="http://www.w3.org/1999/xhtml"><div><div id="user_block_133031"><div class="bt-image gridstackblock card card-secondary clearfix" id="user_blockinstance_133031">
    
        <div class="block-header d-none">
    
        <a class="commentlink" href="#" title="">
        
            
                <span class="icon icon-plus" title="Commentaires et les détails"></span>
                Ajouter un commentaire
                <span class="bh-margin-left icon icon-search-plus"></span>
                Détails
            
        
        </a>
    
</div>

    
    
    
        
    

    <div class="no-heading block" id="user_blockinstance_133031_target">
        
        
            <div class="imageblock card-body">
    <div class="image">
        
        <a class="modal_link" href="#">
            <img rel="leap2:has_part" href="portfolio:artefact88074" alt="bg-featured-second.jpg" title="bg-featured-second.jpg" />
        </a>
        
    </div>

    
</div>

        
    </div>
</div>
</div><div id="user_block_132794"><div class="bt-profileinfo gridstackblock card card-secondary card-regular clearfix" id="user_blockinstance_132794">
    
    
    
        <h2 class="title card-header js-heading">
            

            <span class="collapse-inline">
                About me
                
            </span>

            

        </h2>
    

    <div class="block" id="user_blockinstance_132794_target">
        
        
            
    
    <div class="card-body flush">
    
    
    
        <p>Hello,</p>
<p>I am Arthur Paillot, currently studying Networks and Telecom in Vitry-sur-Seine. I chose this sector because I like IT and above all to understand how the world around us works. Practice is the moment of consecration, which is why my objective after this diploma is to work as a technician in the field of the network.</p>
<p> </p>
<p>Bonjour,</p>
<p>Je suis Arthur Paillot, actuellement étudiant en Réseaux et Télécom à Vitry-sur-Seine. J'ai choisi cette filière car j'aime l'informatique et surtout comprendre comment fonctionne le monde qui nous entoure. La pratique est le moment de concécration c'est pourquoi  mon objectif après ce diplôme est de travailler comme technicien dans le domaine du réseau. </p>
    
    
        <ul class="unstyled profile-info">
        
            <li><strong>Prénom:</strong> Arthur</li>
        
            <li><strong>Nom:</strong> PAILLOT</li>
        
            <li><strong>Adresse de courriel:</strong> <a href="mailto:arthur1.paillot@etu.u-pec.fr">arthur1.paillot@etu.u-pec.fr</a></li>
        
            <li><strong>Ville:</strong> Bry-sur-Marne</li>
        
        </ul>
    
    
    
    
    </div>
    


        
    </div>
</div>
</div><div id="user_block_133982"><div class="bt-image gridstackblock card card-secondary clearfix" id="user_blockinstance_133982">
    
        <div class="block-header d-none">
    
        <a class="commentlink" href="#" title="">
        
            
                <span class="icon icon-plus" title="Commentaires et les détails"></span>
                Ajouter un commentaire
                <span class="bh-margin-left icon icon-search-plus"></span>
                Détails
            
        
        </a>
    
</div>

    
    
    
        
    

    <div class="no-heading block" id="user_blockinstance_133982_target">
        
        
            <div class="imageblock card-body">
    <div class="image">
        
        <a class="modal_link" href="#">
            <img rel="leap2:has_part" href="portfolio:artefact88046" alt="ciblez-les-recompenses-1920x1080.jpg" title="ciblez-les-recompenses-1920x1080.jpg" />
        </a>
        
    </div>

    
</div>

        
    </div>
</div>
</div><div id="user_block_133960"><div class="bt-resumefield gridstackblock card card-secondary clearfix" id="user_blockinstance_133960">
    
    
    
        <h2 class="title card-header js-heading">
            

            <span class="collapse-inline">
                Objectifs Académiques
                
            </span>

            

        </h2>
    

    <div class="block" id="user_blockinstance_133960_target">
        
        
            
    <div class="card-body flush">
<p>Je vise un B.U.T Réseaux et Télécommunications premièrement puis ensuite j'ai pour objectif un diplôme d'ingénieur Réseaux et Télécoms.</p>


</div>



        
    </div>
</div>
</div><div id="user_block_133958"><div class="bt-resumefield gridstackblock card card-secondary clearfix" id="user_blockinstance_133958">
    
    
    
        <h2 class="title card-header js-heading">
            

            <span class="collapse-inline">
                Objectifs personnels 
                
            </span>

            

        </h2>
    

    <div class="block" id="user_blockinstance_133958_target">
        
        
            
    <div class="card-body flush">
<p>Je suis en train de passer permis B. Plus personnellement mon objectif est de faire le tour du monde.</p>


</div>



        
    </div>
</div>
</div><div id="user_block_133986"><div class="bt-image gridstackblock card card-secondary clearfix" id="user_blockinstance_133986">
    
        <div class="block-header d-none">
    
        <a class="commentlink" href="#" title="">
        
            
                <span class="icon icon-plus" title="Commentaires et les détails"></span>
                Ajouter un commentaire
                <span class="bh-margin-left icon icon-search-plus"></span>
                Détails
            
        
        </a>
    
</div>

    
    
    
        
    

    <div class="no-heading block" id="user_blockinstance_133986_target">
        
        
            <div class="imageblock card-body">
    <div class="image">
        
        <a class="modal_link" href="#">
            <img rel="leap2:has_part" href="portfolio:artefact88057" alt="TC-certifications &amp; conformité-hero@2x.png" title="TC-certifications &amp; conformité-hero@2x.png" />
        </a>
        
    </div>

    
</div>

        
    </div>
</div>
</div><div id="user_block_133962"><div class="bt-resumefield gridstackblock card card-secondary clearfix" id="user_blockinstance_133962">
    
    
    
        <h2 class="title card-header js-heading">
            

            <span class="collapse-inline">
                Certifications, accréditations et prix obtenus
                
            </span>

            

        </h2>
    

    <div class="block" id="user_blockinstance_133962_target">
        
        
            
    


<div id="user_certificationlist_7e2c" class="list-group list-group-lite list-group-top-border">
    
    <div class="list-group-item flush-collapsible">

        
            <h4 class="list-group-item-heading">
                <a href="#certification-content-355-87989" class="text-left collapsed collapsible">
                    Baccalauréat Général
                    <span class="icon icon-chevron-down float-right collapse-indicator"></span>
                </a>
            </h4>
        
        <span class="text-small text-muted">
            2022
        </span>

        <div id="user_certification-content-355-87989" class="collapse resume-content">
            
            <p class="content-text">
                </p><p>Spécialité: Mathématiques, Physique-Chimie</p>
            
            

            
        </div>
    </div>
    
    <div class="list-group-item flush-collapsible">

        
            <h4 class="list-group-item-heading">
                Certification PIX
            </h4>
        
        <span class="text-small text-muted">
            2022
        </span>

        <div id="user_certification-content-356-87989" class="collapse resume-content">
            

            
        </div>
    </div>
    
    <div class="list-group-item flush-collapsible">

        
            <h4 class="list-group-item-heading">
                <a href="#certification-content-359-87989" class="text-left collapsed collapsible">
                    Certification Voltaire
                    <span class="icon icon-chevron-down float-right collapse-indicator"></span>
                </a>
            </h4>
        
        <span class="text-small text-muted">
            2022
        </span>

        <div id="user_certification-content-359-87989" class="collapse resume-content">
            
            <p class="content-text">
                </p><p>Mon score général est : 483</p>
<p>Le code de vérification est WKETYVF.</p>
            
            

            
        </div>
    </div>
    
</div>



        
    </div>
</div>
</div><div id="user_block_133922"><div class="bt-resumefield gridstackblock card card-secondary clearfix" id="user_blockinstance_133922">
    
    
    
        <h2 class="title card-header js-heading">
            

            <span class="collapse-inline">
                Historique de formation
                
            </span>

            

        </h2>
    

    <div class="block" id="user_blockinstance_133922_target">
        
        
            
    

<div id="user_educationhistorylist_dcb2" class="list-group list-group-lite list-group-top-border">
    
    <div class="list-group-item flush-collapsible">
        
            <h3 class="list-group-item-heading">
                <a href="#education-content-965-87920" class="text-left collapsed collapsible">
                    Université Paris Est Créteil
                    <span class="icon icon-chevron-down float-right collapse-indicator"></span>
                </a>
            </h3>
        

        <span class="text-small text-muted">
            2022
             - 2023
        </span>

        <div id="user_education-content-965-87920" class="collapse resume-content">
            
            <p class="content-text">
                </p><p>B.U.T Réseaux et Télécommunications</p>
            
            

            

            
        </div>
    </div>
    
    <div class="list-group-item flush-collapsible">
        
            <h3 class="list-group-item-heading">
                <a href="#education-content-967-87920" class="text-left collapsed collapsible">
                    Lycée Françoise Cabrini 
                    <span class="icon icon-chevron-down float-right collapse-indicator"></span>
                </a>
            </h3>
        

        <span class="text-small text-muted">
            2019
             - 2022
        </span>

        <div id="user_education-content-967-87920" class="collapse resume-content">
            
            <p class="content-text">
                </p><p>Formation Générale</p>
<p>Spécialité : Mathématiques, Physique-Chimie</p>
            
            

            

            
        </div>
    </div>
    
</div>




        
    </div>
</div>
</div><div id="user_block_133963"><div class="bt-resumefield gridstackblock card card-secondary clearfix" id="user_blockinstance_133963">
    
    
    
        <h2 class="title card-header js-heading">
            

            <span class="collapse-inline">
                Compétences personnelles
                
            </span>

            

        </h2>
    

    <div class="block" id="user_blockinstance_133963_target">
        
        
            
    <div class="card-body flush">
<p>Je sais faire du montage, du graphisme et de montage photo.</p>
<p> </p>


<div class="has-attachment card collapsible">
    <div class="card-header">
        <a class="text-left collapsed" href="#cv-attach-88008-88008">
            <span class="icon left icon-paperclip icon-sm"></span>
            <span class="text-small">Fichiers joints</span>
            <span class="metadata">(5)</span>
            <span class="icon icon-chevron-down float-right collapse-indicator"></span>
        </a>
    </div>
    
    <div id="user_cv-attach-88008-88008" class="collapse">
        <div class="block-header d-none btn-top-right btn-group-top bh-displayiconsonly">
    
        <a class="commentlink btn btn-secondary" href="#" title="">
        
            
                <span class="icon icon-comments" title="Ajouter un commentaire"></span>
                <span class="bh-margin-left icon icon-search-plus" title="Détails"></span>
            
        
        </a>
    
</div>

            
            
                <a class="modal_link file-icon-link" href="#">
                
                    <img class="file-icon" rel="leap2:has_part" href="portfolio:artefact88107" alt="" />
                
                </a>
            
                <span class="title">
                
                    <a class="modal_link" href="#">
                
                        <span class="text-small">flemme couleur.jpg</span>
                
                    </a>
                
                </span>
                <a rel="leap2:has_part" href="portfolio:artefact88107" class="download-link">
                    <span class="icon icon-download icon-lg float-right text-watermark icon-action" title="Télécharger flemme couleur.jpg [68.3K]"></span>
                </a>
            
            
        
        
        <div class="block-header d-none btn-top-right btn-group-top bh-displayiconsonly">
    
        <a class="commentlink btn btn-secondary" href="#" title="">
        
            
                <span class="icon icon-comments" title="Ajouter un commentaire"></span>
                <span class="bh-margin-left icon icon-search-plus" title="Détails"></span>
            
        
        </a>
    
</div>

            
            
                <a class="modal_link file-icon-link" href="#">
                
                    <img class="file-icon" rel="leap2:has_part" href="portfolio:artefact88106" alt="" />
                
                </a>
            
                <span class="title">
                
                    <a class="modal_link" href="#">
                
                        <span class="text-small">flyer.jpg.1</span>
                
                    </a>
                
                </span>
                <a rel="leap2:has_part" href="portfolio:artefact88106" class="download-link">
                    <span class="icon icon-download icon-lg float-right text-watermark icon-action" title="Télécharger flyer.jpg.1 [687.1K]"></span>
                </a>
            
            
        
        
        <div class="block-header d-none btn-top-right btn-group-top bh-displayiconsonly">
    
        <a class="commentlink btn btn-secondary" href="#" title="">
        
            
                <span class="icon icon-comments" title="Ajouter un commentaire"></span>
                <span class="bh-margin-left icon icon-search-plus" title="Détails"></span>
            
        
        </a>
    
</div>

            
            
                <a class="modal_link file-icon-link" href="#">
                
                    <img class="file-icon" rel="leap2:has_part" href="portfolio:artefact88105" alt="" />
                
                </a>
            
                <span class="title">
                
                    <a class="modal_link" href="#">
                
                        <span class="text-small">le passé musique.jpg</span>
                
                    </a>
                
                </span>
                <a rel="leap2:has_part" href="portfolio:artefact88105" class="download-link">
                    <span class="icon icon-download icon-lg float-right text-watermark icon-action" title="Télécharger le passé musique.jpg [71.3K]"></span>
                </a>
            
            
        
        
        <div class="block-header d-none btn-top-right btn-group-top bh-displayiconsonly">
    
        <a class="commentlink btn btn-secondary" href="#" title="">
        
            
                <span class="icon icon-comments" title="Ajouter un commentaire"></span>
                <span class="bh-margin-left icon icon-search-plus" title="Détails"></span>
            
        
        </a>
    
</div>

            
            
                <a class="modal_link file-icon-link" href="#">
                
                    <img class="file-icon" rel="leap2:has_part" href="portfolio:artefact88104" alt="" />
                
                </a>
            
                <span class="title">
                
                    <a class="modal_link" href="#">
                
                        <span class="text-small">logo alv.jpg</span>
                
                    </a>
                
                </span>
                <a rel="leap2:has_part" href="portfolio:artefact88104" class="download-link">
                    <span class="icon icon-download icon-lg float-right text-watermark icon-action" title="Télécharger logo alv.jpg [724.7K]"></span>
                </a>
            
            
        
        
        <div class="block-header d-none btn-top-right btn-group-top bh-displayiconsonly">
    
        <a class="commentlink btn btn-secondary" href="#" title="">
        
            
                <span class="icon icon-comments" title="Ajouter un commentaire"></span>
                <span class="bh-margin-left icon icon-search-plus" title="Détails"></span>
            
        
        </a>
    
</div>

            
            
                <a class="modal_link file-icon-link" href="#">
                
                    <img class="file-icon" rel="leap2:has_part" href="portfolio:artefact88103" alt="" />
                
                </a>
            
                <span class="title">
                
                    <a class="modal_link" href="#">
                
                        <span class="text-small">oweystv.jpg.1</span>
                
                    </a>
                
                </span>
                <a rel="leap2:has_part" href="portfolio:artefact88103" class="download-link">
                    <span class="icon icon-download icon-lg float-right text-watermark icon-action" title="Télécharger oweystv.jpg.1 [209.7K]"></span>
                </a>
            
            
        
        
    </div>
</div>

</div>



        
    </div>
</div>
</div><div id="user_block_133994"><div class="bt-image gridstackblock card card-secondary clearfix" id="user_blockinstance_133994">
    
        <div class="block-header d-none">
    
        <a class="commentlink" href="#" title="">
        
            
                <span class="icon icon-plus" title="Commentaires et les détails"></span>
                Ajouter un commentaire
                <span class="bh-margin-left icon icon-search-plus"></span>
                Détails
            
        
        </a>
    
</div>

    
    
    
        
    

    <div class="no-heading block" id="user_blockinstance_133994_target">
        
        
            <div class="imageblock card-body">
    <div class="image">
        
        <a class="modal_link" href="#">
            <img rel="leap2:has_part" href="portfolio:artefact88065" alt="2-3.png" title="2-3.png" />
        </a>
        
    </div>

    
</div>

        
    </div>
</div>
</div><div id="user_block_133965"><div class="bt-resumefield gridstackblock card card-secondary clearfix" id="user_blockinstance_133965">
    
    
    
        <h2 class="title card-header js-heading">
            

            <span class="collapse-inline">
                Objectifs de carrière
                
            </span>

            

        </h2>
    

    <div class="block" id="user_blockinstance_133965_target">
        
        
            
    <div class="card-body flush">
<p>Plus tard, je voudrais être Architecte Réseaux.</p>


</div>



        
    </div>
</div>
</div><div id="user_block_133964"><div class="bt-resumefield gridstackblock card card-secondary clearfix" id="user_blockinstance_133964">
    
    
    
        <h2 class="title card-header js-heading">
            

            <span class="collapse-inline">
                Compétences académiques
                
            </span>

            

        </h2>
    

    <div class="block" id="user_blockinstance_133964_target">
        
        
            
    <div class="card-body flush">
<p>J'ai des connaissances en HTML, CSS. Ainsi qu'en gestion de réseaux.</p>


</div>



        
    </div>
</div>
</div><div id="user_block_133966"><div class="bt-resumefield gridstackblock card card-secondary clearfix" id="user_blockinstance_133966">
    
    
    
        <h2 class="title card-header js-heading">
            

            <span class="collapse-inline">
                Centres d'intérêt
                
            </span>

            

        </h2>
    

    <div class="block" id="user_blockinstance_133966_target">
        
        
            
    
    <div class="card-body flush">
        <p>Mes centres d’intérêts sont: le football et le graphisme. J'ai jouer au foot en club de 2018-2022 et je pratique le graphisme depuis 5 ans et réaliser plusieurs projets.</p>
    </div>




        
    </div>
</div>
</div></div></div></content>
        <rdf:type rdf:resource="leap2:selection"/>

        <link rel="leap2:has_part" href="portfolio:artefact87920"/>
        <link rel="leap2:has_part" href="portfolio:artefact88074"/>
        <link rel="leap2:has_part" href="portfolio:artefact87989"/>
        <link rel="leap2:has_part" href="portfolio:artefact86792"/>
        <link rel="leap2:has_part" href="portfolio:artefact86793"/>
        <link rel="leap2:has_part" href="portfolio:artefact86944"/>
        <link rel="leap2:has_part" href="portfolio:artefact88057"/>
        <link rel="leap2:has_part" href="portfolio:artefact87946"/>
        <link rel="leap2:has_part" href="portfolio:artefact87955"/>
        <link rel="leap2:has_part" href="portfolio:artefact88004"/>
        <link rel="leap2:has_part" href="portfolio:artefact88046"/>
        <link rel="leap2:has_part" href="portfolio:artefact88008"/>
        <link rel="leap2:has_part" href="portfolio:artefact88021"/>
        <link rel="leap2:has_part" href="portfolio:artefact88014"/>
        <link rel="leap2:has_part" href="portfolio:artefact88065"/>


        <category term="Webpage" scheme="categories:selection_type#"/>





        <mahara:view mahara:newlayout="1" mahara:type="profile" mahara:ownerformat="6">
        
            
            <mahara:blockinstance mahara:blocktype="image" mahara:blocktitle="" mahara:positionx="0" mahara:positiony="0" mahara:height="42" mahara:width="7">
                
                    
                    <mahara:artefactid>[&quot;portfolio:artefact88074&quot;]</mahara:artefactid>
                    
                
                    
                    <mahara:showdescription>[false]</mahara:showdescription>
                    
                
                    
                    <mahara:width>[&quot;900&quot;]</mahara:width>
                    
                
                    
                    <mahara:retractable>[0]</mahara:retractable>
                    
                
                    
                    <mahara:retractedonload>[0]</mahara:retractedonload>
                    
                
                
                
            </mahara:blockinstance>
            
            <mahara:blockinstance mahara:blocktype="profileinfo" mahara:blocktitle="About me" mahara:positionx="7" mahara:positiony="0" mahara:height="38" mahara:width="5">
                
                    
                    <mahara:fields>[[&quot;firstname&quot;,&quot;lastname&quot;,&quot;town&quot;]]</mahara:fields>
                    
                
                    
                    <mahara:email>[&quot;arthur1.paillot@etu.u-pec.fr&quot;]</mahara:email>
                    
                
                    
                    <mahara:introtext>[&quot;&lt;p&gt;Hello,&lt;\/p&gt;\r\n&lt;p&gt;I am Arthur Paillot, currently studying Networks and Telecom in Vitry-sur-Seine. I chose this sector because I like IT and above all to understand how the world around us works. Practice is the moment of consecration, which is why my objective after this diploma is to work as a technician in the field of the network.&lt;\/p&gt;\r\n&lt;p&gt;&amp;nbsp;&lt;\/p&gt;\r\n&lt;p&gt;Bonjour,&lt;\/p&gt;\r\n&lt;p&gt;Je suis Arthur Paillot, actuellement &amp;eacute;tudiant en R&amp;eacute;seaux et T&amp;eacute;l&amp;eacute;com &amp;agrave; Vitry-sur-Seine. J&#039;ai choisi cette fili&amp;egrave;re car j&#039;aime l&#039;informatique et surtout comprendre comment fonctionne le monde qui nous entoure. La pratique est le moment de conc&amp;eacute;cration c&#039;est pourquoi &amp;nbsp;mon objectif apr&amp;egrave;s ce dipl&amp;ocirc;me est de travailler comme technicien dans le domaine du r&amp;eacute;seau.&amp;nbsp;&lt;\/p&gt;&quot;]</mahara:introtext>
                    
                
                
                
            </mahara:blockinstance>
            
            <mahara:blockinstance mahara:blocktype="image" mahara:blocktitle="" mahara:positionx="7" mahara:positiony="38" mahara:height="29" mahara:width="5">
                
                    
                    <mahara:artefactid>[&quot;portfolio:artefact88046&quot;]</mahara:artefactid>
                    
                
                    
                    <mahara:showdescription>[false]</mahara:showdescription>
                    
                
                    
                    <mahara:width>[&quot;&quot;]</mahara:width>
                    
                
                    
                    <mahara:retractable>[0]</mahara:retractable>
                    
                
                    
                    <mahara:retractedonload>[0]</mahara:retractedonload>
                    
                
                
                
            </mahara:blockinstance>
            
            <mahara:blockinstance mahara:blocktype="resumefield" mahara:blocktitle="Objectifs Académiques" mahara:positionx="0" mahara:positiony="42" mahara:height="24" mahara:width="4">
                
                    
                    <mahara:artefacttype>[&quot;academicgoal&quot;]</mahara:artefacttype>
                    
                
                
                
            </mahara:blockinstance>
            
            <mahara:blockinstance mahara:blocktype="resumefield" mahara:blocktitle="Objectifs personnels " mahara:positionx="4" mahara:positiony="42" mahara:height="24" mahara:width="3">
                
                    
                    <mahara:artefacttype>[&quot;personalgoal&quot;]</mahara:artefacttype>
                    
                
                
                
            </mahara:blockinstance>
            
            <mahara:blockinstance mahara:blocktype="image" mahara:blocktitle="" mahara:positionx="0" mahara:positiony="66" mahara:height="39" mahara:width="6">
                
                    
                    <mahara:artefactid>[&quot;portfolio:artefact88057&quot;]</mahara:artefactid>
                    
                
                    
                    <mahara:showdescription>[false]</mahara:showdescription>
                    
                
                    
                    <mahara:width>[&quot;&quot;]</mahara:width>
                    
                
                    
                    <mahara:retractable>[0]</mahara:retractable>
                    
                
                    
                    <mahara:retractedonload>[0]</mahara:retractedonload>
                    
                
                
                
            </mahara:blockinstance>
            
            <mahara:blockinstance mahara:blocktype="resumefield" mahara:blocktitle="" mahara:positionx="6" mahara:positiony="67" mahara:height="22" mahara:width="6">
                
                    
                    <mahara:artefacttype>[&quot;certification&quot;]</mahara:artefacttype>
                    
                
                
                
            </mahara:blockinstance>
            
            <mahara:blockinstance mahara:blocktype="resumefield" mahara:blocktitle="Historique de formation" mahara:positionx="6" mahara:positiony="89" mahara:height="16" mahara:width="6">
                
                    
                    <mahara:artefacttype>[&quot;educationhistory&quot;]</mahara:artefacttype>
                    
                
                
                
            </mahara:blockinstance>
            
            <mahara:blockinstance mahara:blocktype="resumefield" mahara:blocktitle="" mahara:positionx="0" mahara:positiony="105" mahara:height="17" mahara:width="4">
                
                    
                    <mahara:artefacttype>[&quot;personalskill&quot;]</mahara:artefacttype>
                    
                
                
                
            </mahara:blockinstance>
            
            <mahara:blockinstance mahara:blocktype="image" mahara:blocktitle="" mahara:positionx="4" mahara:positiony="105" mahara:height="28" mahara:width="4">
                
                    
                    <mahara:artefactid>[&quot;portfolio:artefact88065&quot;]</mahara:artefactid>
                    
                
                    
                    <mahara:showdescription>[false]</mahara:showdescription>
                    
                
                    
                    <mahara:width>[&quot;&quot;]</mahara:width>
                    
                
                    
                    <mahara:retractable>[0]</mahara:retractable>
                    
                
                    
                    <mahara:retractedonload>[0]</mahara:retractedonload>
                    
                
                
                
            </mahara:blockinstance>
            
            <mahara:blockinstance mahara:blocktype="resumefield" mahara:blocktitle="" mahara:positionx="8" mahara:positiony="105" mahara:height="9" mahara:width="4">
                
                    
                    <mahara:artefacttype>[&quot;careergoal&quot;]</mahara:artefacttype>
                    
                
                
                
            </mahara:blockinstance>
            
            <mahara:blockinstance mahara:blocktype="resumefield" mahara:blocktitle="" mahara:positionx="8" mahara:positiony="114" mahara:height="13" mahara:width="4">
                
                    
                    <mahara:artefacttype>[&quot;academicskill&quot;]</mahara:artefacttype>
                    
                
                
                
            </mahara:blockinstance>
            
            <mahara:blockinstance mahara:blocktype="resumefield" mahara:blocktitle="" mahara:positionx="0" mahara:positiony="122" mahara:height="12" mahara:width="4">
                
                    
                    <mahara:artefacttype>[&quot;interest&quot;]</mahara:artefacttype>
                    
                
                
                
            </mahara:blockinstance>
            
        
        </mahara:view>
    </entry>

    <entry>
        <title>Dashboard page</title>
        <id>portfolio:view30972</id>

        <updated>2022-09-22T14:02:03+02:00</updated>
        <published>2022-09-22T14:02:03+02:00</published>

        <summary type="xhtml"><div xmlns="http://www.w3.org/1999/xhtml"><div></div></div></summary>

   <subtitle type="xhtml"><div xmlns="http://www.w3.org/1999/xhtml"><div></div></div></subtitle>
        <content type="xhtml"><div xmlns="http://www.w3.org/1999/xhtml"><div><div id="user_block_132802"><div class="bt-newviews gridstackblock card card-secondary clearfix" id="user_blockinstance_132802">
    
    
    
        <h2 class="title card-header js-heading">
            

            <span class="collapse-inline">
                Portfolios partagés avec moi
                
            </span>

            

        </h2>
    

    <div class="block" id="user_blockinstance_132802_target">
        
        
            
<div class="card-body">
    <p class="lead text-small">Aucunes pages ni collections</p>
</div>


        
    </div>
</div>
</div><div id="user_block_132800"><div class="bt-inbox gridstackblock card card-secondary clearfix" id="user_blockinstance_132800">
    
    
    
        <h2 class="title card-header js-heading">
            

            <span class="collapse-inline">
                Boîte de réception
                
            </span>

            

        </h2>
    

    <div class="block" id="user_blockinstance_132800_target">
        
        
            
    <div id="user_inboxblock" class="inboxblock list-group">
        
        <div class="collapsible list-group-item flush-collapsible">
            
                <h3 class="title list-group-item-heading"><a class="collapsed link-block" href="#message_content_maharamessage_53397">
                    
                        <span class="icon icon-wrench text-default left"></span>
                    
                    <span class="sr-only">Messages système</span>
                    <span class="subject">Nouvelle demande d'ajout à la iste des contacts</span>
                    <span class="icon icon-chevron-down collapse-indicator float-right"></span>
                </a></h3>
            
            <div class="collapse" id="user_message_content_maharamessage_53397">
                
                    <p class="content-text">Hassan Boulouz vous demande de l'ajouter à votre liste de contacts. Vous pouvez accepter cette demande soit en cliquant sur le lien ci-dessous, soit en allant sur la page contenant la liste de vos contacts. La raison qui est accompagne cette demande est :<br />
    Veux-tu être mon ami ? </p>
                    
                        <a href="user/view.php?id=3623" class="text-small">
                            Demandes d'affiliation <span class="icon icon-arrow-right mls icon-sm"></span>
                        </a>
                    
                    
                
            </div>
        </div>
        
        <div class="collapsible list-group-item flush-collapsible">
            
                <h3 class="title list-group-item-heading"><a class="collapsed link-block" href="#message_content_maharamessage_53383">
                    
                        <span class="icon icon-wrench text-default left"></span>
                    
                    <span class="sr-only">Messages système</span>
                    <span class="subject">Nouvelle demande d'ajout à la iste des contacts</span>
                    <span class="icon icon-chevron-down collapse-indicator float-right"></span>
                </a></h3>
            
            <div class="collapse" id="user_message_content_maharamessage_53383">
                
                    <p class="content-text">Shems SEDDOUGUI vous demande de l'ajouter à votre liste de contacts. Vous pouvez accepter cette demande soit en cliquant sur le lien ci-dessous, soit en allant sur la page contenant la liste de vos contacts. La raison qui est accompagne cette demande est :<br />
    .</p>
                    
                        <a href="user/view.php?id=3610" class="text-small">
                            Demandes d'affiliation <span class="icon icon-arrow-right mls icon-sm"></span>
                        </a>
                    
                    
                
            </div>
        </div>
        
        <div class="collapsible list-group-item flush-collapsible">
            
                <h3 class="title list-group-item-heading"><a class="collapsed link-block" href="#message_content_maharamessage_53334">
                    
                        <span class="icon icon-wrench text-default left"></span>
                    
                    <span class="sr-only">Messages système</span>
                    <span class="subject">Confirmation d'affiliation à une institution</span>
                    <span class="icon icon-chevron-down collapse-indicator float-right"></span>
                </a></h3>
            
            <div class="collapse" id="user_message_content_maharamessage_53334">
                
                    <p class="content-text">Vous êtes maintenant membre de UPEC.</p>
                    
                    
                
            </div>
        </div>
        
    </div>
    
    


        
    </div>
</div>
</div><div id="user_block_132801"><div class="bt-myviews gridstackblock card card-secondary clearfix" id="user_blockinstance_132801">
    
    
    
        <h2 class="title card-header js-heading">
            

            <span class="collapse-inline">
                Mes portfolios
                
            </span>

            

        </h2>
    

    <div class="block" id="user_blockinstance_132801_target">
        
        
            
    <div class="list-group">
        <div id="user_myviewlist">
            

        </div>
    
    
    </div>


        
    </div>
</div>
</div><div id="user_block_132799"><div class="bt-inbox gridstackblock card card-secondary clearfix" id="user_blockinstance_132799">
    
    
    
        <h2 class="title card-header js-heading">
            

            <span class="collapse-inline">
                Sujets que je suis
                
            </span>

            

        </h2>
    

    <div class="block" id="user_blockinstance_132799_target">
        
        
            
    <div class="card-body">
        <p class="lead text-small">Pas de messages</p>
    </div>


        
    </div>
</div>
</div></div></div></content>
        <rdf:type rdf:resource="leap2:selection"/>



        <category term="Webpage" scheme="categories:selection_type#"/>





        <mahara:view mahara:newlayout="1" mahara:type="dashboard" mahara:ownerformat="6">
        
            
            <mahara:blockinstance mahara:blocktype="newviews" mahara:blocktitle="" mahara:positionx="0" mahara:positiony="0" mahara:height="1" mahara:width="6">
                
                    
                    <mahara:limit>[5]</mahara:limit>
                    
                
                    
                    <mahara:user>[1]</mahara:user>
                    
                
                    
                    <mahara:friend>[1]</mahara:friend>
                    
                
                    
                    <mahara:group>[1]</mahara:group>
                    
                
                
                
            </mahara:blockinstance>
            
            <mahara:blockinstance mahara:blocktype="inbox" mahara:blocktitle="" mahara:positionx="6" mahara:positiony="0" mahara:height="1" mahara:width="6">
                
                    
                    <mahara:feedback>[true]</mahara:feedback>
                    
                
                    
                    <mahara:groupmessage>[true]</mahara:groupmessage>
                    
                
                    
                    <mahara:institutionmessage>[true]</mahara:institutionmessage>
                    
                
                    
                    <mahara:maharamessage>[true]</mahara:maharamessage>
                    
                
                    
                    <mahara:usermessage>[true]</mahara:usermessage>
                    
                
                    
                    <mahara:viewaccess>[true]</mahara:viewaccess>
                    
                
                    
                    <mahara:watchlist>[true]</mahara:watchlist>
                    
                
                    
                    <mahara:maxitems>[&quot;5&quot;]</mahara:maxitems>
                    
                
                    
                    <mahara:wallpost>[true]</mahara:wallpost>
                    
                
                
                
            </mahara:blockinstance>
            
            <mahara:blockinstance mahara:blocktype="myviews" mahara:blocktitle="" mahara:positionx="0" mahara:positiony="1" mahara:height="1" mahara:width="6">
                
                
                
            </mahara:blockinstance>
            
            <mahara:blockinstance mahara:blocktype="inbox" mahara:blocktitle="" mahara:positionx="6" mahara:positiony="1" mahara:height="1" mahara:width="6">
                
                    
                    <mahara:newpost>[true]</mahara:newpost>
                    
                
                    
                    <mahara:maxitems>[&quot;5&quot;]</mahara:maxitems>
                    
                
                
                
            </mahara:blockinstance>
            
        
        </mahara:view>
    </entry>

    <entry>
        <title>Journal de Arthur Paillot</title>
        <id>portfolio:artefact86796</id>

        <updated>2022-09-22T14:02:03+02:00</updated>
        <published>2022-09-22T14:02:03+02:00</published>




        <content type="xhtml"><div xmlns="http://www.w3.org/1999/xhtml"><div></div></div></content>
        <rdf:type rdf:resource="leap2:selection"/>
        <mahara:artefactplugin mahara:type="blog" mahara:plugin="blog"/>


        <category term="Blog" scheme="categories:selection_type#"/>




    </entry>


    <entry>
        <title>images</title>
        <id>portfolio:artefact87060</id>

        <updated>2022-09-22T14:02:15+02:00</updated>
        <published>2022-09-22T14:02:15+02:00</published>




        <content>Fichiers Image</content>
        <rdf:type rdf:resource="leap2:selection"/>
        <mahara:artefactplugin mahara:type="folder" mahara:plugin="file"/>
        <link rel="leap2:has_part" href="portfolio:artefact87061"/>


        <category term="Folder" scheme="categories:selection_type#"/>




    </entry>


    <entry>
        <title>Moi</title>
        <id>portfolio:artefact87061</id>

        <updated>2022-09-22T14:02:15+02:00</updated>
        <published>2022-09-22T14:02:15+02:00</published>

        <summary type="">Télécharger une image pour le profil</summary>


        <content type="xhtml"><div xmlns="http://www.w3.org/1999/xhtml"><div></div></div></content>
        <rdf:type rdf:resource="leap2:resource"/>
        <mahara:artefactplugin mahara:type="profileicon" mahara:plugin="file"/>
        <link rel="enclosure" type="image/jpeg" href="export_info/files/87061-Moi"/>
        <link rel="leap2:is_part_of" href="portfolio:artefact87060"/>
        <link rel="related" href="portfolio:artefactinternal"/>


        <category term="Offline" scheme="categories:resource_type#" label="File"/>




    </entry>


    <entry>
        <title>34-344881_earth-network.jpg</title>
        <id>portfolio:artefact87097</id>

        <updated>2022-09-22T15:03:43+02:00</updated>
        <published>2022-09-22T15:03:43+02:00</published>




        <content type="xhtml"><div xmlns="http://www.w3.org/1999/xhtml"><div></div></div></content>
        <rdf:type rdf:resource="leap2:resource"/>
        <mahara:artefactplugin mahara:type="image" mahara:plugin="file"/>
        <link rel="enclosure" type="image/jpeg" href="export_info/files/87097-34-344881_earth-network.jpg"/>


        <category term="Offline" scheme="categories:resource_type#" label="File"/>




    </entry>


    <entry>
        <title>Historique de formation</title>
        <id>portfolio:artefact87920</id>

        <updated>2022-09-30T08:08:34+02:00</updated>
        <published>2022-09-30T08:08:04+02:00</published>




        <content></content>
        <rdf:type rdf:resource="leap2:selection"/>
        <mahara:artefactplugin mahara:type="educationhistory" mahara:plugin="resume"/>
        <link rel="leap2:has_part" href="portfolio:resumecomposite-87920-child-965" leap2:display_order="1"/>
        <link rel="leap2:has_part" href="portfolio:resumecomposite-87920-child-967" leap2:display_order="2"/>


        <category term="Grouping" scheme="categories:selection_type#"/>




    </entry>


    <entry>
        <title></title>
        <id>portfolio:resumecomposite-87920-child-965</id>

        <updated>2022-09-30T08:08:34+02:00</updated>





        <content>&lt;p&gt;B.U.T R&amp;eacute;seaux et T&amp;eacute;l&amp;eacute;communications&lt;/p&gt;</content>
        <rdf:type rdf:resource="leap2:activity"/>
        <mahara:artefactplugin mahara:type="pseudo:educationhistory" mahara:plugin="resume"/>
        <link rel="leap2:is_part_of" href="portfolio:artefact87920" leap2:display_order="1"/>
        <link rel="leap2:supported_by" href="portfolio:resumesibling-87920-sibling-965-rel-supports"/>
        <link rel="leap2:supports" href="portfolio:resumesibling-87920-sibling-965-rel-supported_by"/>


        <category term="Education" scheme="categories:life_area#"/>






        <leap2:date leap2:point="start" leap2:label="2022"></leap2:date>

        <leap2:date leap2:point="end" leap2:label="2023"></leap2:date>

    </entry>

    <entry>
        <title>Université Paris Est Créteil</title>
        <id>portfolio:resumesibling-87920-sibling-965-rel-supports</id>

        <updated>2022-09-30T08:08:34+02:00</updated>





        <content></content>
        <rdf:type rdf:resource="leap2:organization"/>
        <mahara:artefactplugin mahara:type="pseudo:educationhistory" mahara:plugin="resume"/>
        <link rel="leap2:supports" href="portfolio:resumecomposite-87920-child-965"/>










    </entry>

    <entry>
        <title></title>
        <id>portfolio:resumesibling-87920-sibling-965-rel-supported_by</id>

        <updated>2022-09-30T08:08:34+02:00</updated>





        <content></content>
        <rdf:type rdf:resource="leap2:achievement"/>
        <mahara:artefactplugin mahara:type="pseudo:educationhistory" mahara:plugin="resume"/>
        <link rel="leap2:supported_by" href="portfolio:resumecomposite-87920-child-965"/>










    </entry>

    <entry>
        <title></title>
        <id>portfolio:resumecomposite-87920-child-967</id>

        <updated>2022-09-30T08:08:34+02:00</updated>





        <content>&lt;p&gt;Formation G&amp;eacute;n&amp;eacute;rale&lt;/p&gt;
&lt;p&gt;Sp&amp;eacute;cialit&amp;eacute; : Math&amp;eacute;matiques, Physique-Chimie&lt;/p&gt;</content>
        <rdf:type rdf:resource="leap2:activity"/>
        <mahara:artefactplugin mahara:type="pseudo:educationhistory" mahara:plugin="resume"/>
        <link rel="leap2:is_part_of" href="portfolio:artefact87920" leap2:display_order="2"/>
        <link rel="leap2:supported_by" href="portfolio:resumesibling-87920-sibling-967-rel-supports"/>
        <link rel="leap2:supports" href="portfolio:resumesibling-87920-sibling-967-rel-supported_by"/>


        <category term="Education" scheme="categories:life_area#"/>






        <leap2:date leap2:point="start" leap2:label="2019"></leap2:date>

        <leap2:date leap2:point="end" leap2:label="2022"></leap2:date>

    </entry>

    <entry>
        <title>Lycée Françoise Cabrini </title>
        <id>portfolio:resumesibling-87920-sibling-967-rel-supports</id>

        <updated>2022-09-30T08:08:34+02:00</updated>





        <content></content>
        <rdf:type rdf:resource="leap2:organization"/>
        <mahara:artefactplugin mahara:type="pseudo:educationhistory" mahara:plugin="resume"/>
        <link rel="leap2:supports" href="portfolio:resumecomposite-87920-child-967"/>










    </entry>

    <entry>
        <title></title>
        <id>portfolio:resumesibling-87920-sibling-967-rel-supported_by</id>

        <updated>2022-09-30T08:08:34+02:00</updated>





        <content></content>
        <rdf:type rdf:resource="leap2:achievement"/>
        <mahara:artefactplugin mahara:type="pseudo:educationhistory" mahara:plugin="resume"/>
        <link rel="leap2:supported_by" href="portfolio:resumecomposite-87920-child-967"/>










    </entry>

    <entry>
        <title>Objectifs personnels</title>
        <id>portfolio:artefact87946</id>

        <updated>2022-09-30T08:08:14+02:00</updated>
        <published>2022-09-30T08:08:52+02:00</published>




        <content type="xhtml"><div xmlns="http://www.w3.org/1999/xhtml"><div><p>Je suis en train de passer permis B. Plus personnellement mon objectif est de faire le tour du monde.</p></div></div></content>
        <rdf:type rdf:resource="leap2:entry"/>
        <mahara:artefactplugin mahara:type="personalgoal" mahara:plugin="resume"/>
        <link rel="leap2:is_part_of" href="portfolio:view30971"/>






    </entry>


    <entry>
        <title>Objectifs académiques</title>
        <id>portfolio:artefact87955</id>

        <updated>2022-09-30T08:08:07+02:00</updated>
        <published>2022-09-30T08:08:04+02:00</published>




        <content type="xhtml"><div xmlns="http://www.w3.org/1999/xhtml"><div><p>Je vise un B.U.T Réseaux et Télécommunications premièrement puis ensuite j'ai pour objectif un diplôme d'ingénieur Réseaux et Télécoms.</p></div></div></content>
        <rdf:type rdf:resource="leap2:entry"/>
        <mahara:artefactplugin mahara:type="academicgoal" mahara:plugin="resume"/>
        <link rel="leap2:is_part_of" href="portfolio:view30971"/>






    </entry>


    <entry>
        <title>Certifications, accréditations et prix obtenus</title>
        <id>portfolio:artefact87989</id>

        <updated>2022-09-30T09:09:13+02:00</updated>
        <published>2022-09-30T08:08:37+02:00</published>




        <content></content>
        <rdf:type rdf:resource="leap2:selection"/>
        <mahara:artefactplugin mahara:type="certification" mahara:plugin="resume"/>
        <link rel="leap2:has_part" href="portfolio:resumecomposite-87989-child-355" leap2:display_order="1"/>
        <link rel="leap2:has_part" href="portfolio:resumecomposite-87989-child-356" leap2:display_order="2"/>
        <link rel="leap2:has_part" href="portfolio:resumecomposite-87989-child-359" leap2:display_order="3"/>


        <category term="Grouping" scheme="categories:selection_type#"/>




    </entry>


    <entry>
        <title>Baccalauréat Général</title>
        <id>portfolio:resumecomposite-87989-child-355</id>

        <updated>2022-09-30T09:09:13+02:00</updated>





        <content>&lt;p&gt;Sp&amp;eacute;cialit&amp;eacute;: Math&amp;eacute;matiques, Physique-Chimie&lt;/p&gt;</content>
        <rdf:type rdf:resource="leap2:achievement"/>
        <mahara:artefactplugin mahara:type="pseudo:certification" mahara:plugin="resume"/>
        <link rel="leap2:is_part_of" href="portfolio:artefact87989" leap2:display_order="1"/>









        <leap2:date leap2:point="end" leap2:label="2022"></leap2:date>

    </entry>

    <entry>
        <title>Certification PIX</title>
        <id>portfolio:resumecomposite-87989-child-356</id>

        <updated>2022-09-30T09:09:13+02:00</updated>





        <content></content>
        <rdf:type rdf:resource="leap2:achievement"/>
        <mahara:artefactplugin mahara:type="pseudo:certification" mahara:plugin="resume"/>
        <link rel="leap2:is_part_of" href="portfolio:artefact87989" leap2:display_order="2"/>









        <leap2:date leap2:point="end" leap2:label="2022"></leap2:date>

    </entry>

    <entry>
        <title>Certification Voltaire</title>
        <id>portfolio:resumecomposite-87989-child-359</id>

        <updated>2022-09-30T09:09:13+02:00</updated>





        <content>&lt;p&gt;Mon score g&amp;eacute;n&amp;eacute;ral est : 483&lt;/p&gt;
&lt;p&gt;Le code de v&amp;eacute;rification est WKETYVF.&lt;/p&gt;</content>
        <rdf:type rdf:resource="leap2:achievement"/>
        <mahara:artefactplugin mahara:type="pseudo:certification" mahara:plugin="resume"/>
        <link rel="leap2:is_part_of" href="portfolio:artefact87989" leap2:display_order="3"/>









        <leap2:date leap2:point="end" leap2:label="2022"></leap2:date>

    </entry>

    <entry>
        <title>Objectifs de carrière</title>
        <id>portfolio:artefact88004</id>

        <updated>2022-09-30T09:09:32+02:00</updated>
        <published>2022-09-30T09:09:30+02:00</published>




        <content type="xhtml"><div xmlns="http://www.w3.org/1999/xhtml"><div><p>Plus tard, je voudrais être Architecte Réseaux.</p></div></div></content>
        <rdf:type rdf:resource="leap2:entry"/>
        <mahara:artefactplugin mahara:type="careergoal" mahara:plugin="resume"/>
        <link rel="leap2:is_part_of" href="portfolio:view30971"/>






    </entry>


    <entry>
        <title>Compétences personnelles</title>
        <id>portfolio:artefact88008</id>

        <updated>2022-09-30T10:10:59+02:00</updated>
        <published>2022-09-30T09:09:36+02:00</published>




        <content type="xhtml"><div xmlns="http://www.w3.org/1999/xhtml"><div><p>Je sais faire du montage, du graphisme et de montage photo.</p>
<p> </p></div></div></content>
        <rdf:type rdf:resource="leap2:ability"/>
        <mahara:artefactplugin mahara:type="personalskill" mahara:plugin="resume"/>
        <link rel="leap2:is_part_of" href="portfolio:view30971"/>
        <link rel="related" href="portfolio:artefact88103"/>
        <link rel="related" href="portfolio:artefact88104"/>
        <link rel="related" href="portfolio:artefact88105"/>
        <link rel="related" href="portfolio:artefact88106"/>
        <link rel="related" href="portfolio:artefact88107"/>






    </entry>


    <entry>
        <title>Compétences académiques</title>
        <id>portfolio:artefact88014</id>

        <updated>2022-09-30T09:09:26+02:00</updated>
        <published>2022-09-30T09:09:08+02:00</published>




        <content type="xhtml"><div xmlns="http://www.w3.org/1999/xhtml"><div><p>J'ai des connaissances en HTML, CSS. Ainsi qu'en gestion de réseaux.</p></div></div></content>
        <rdf:type rdf:resource="leap2:ability"/>
        <mahara:artefactplugin mahara:type="academicskill" mahara:plugin="resume"/>
        <link rel="leap2:is_part_of" href="portfolio:view30971"/>






    </entry>


    <entry>
        <title>Centres d&#039;intérêt</title>
        <id>portfolio:artefact88021</id>

        <updated>2022-09-30T10:10:03+02:00</updated>
        <published>2022-09-30T09:09:50+02:00</published>




        <content type="xhtml"><div xmlns="http://www.w3.org/1999/xhtml"><div><p>Mes centres d’intérêts sont: le football et le graphisme. J'ai jouer au foot en club de 2018-2022 et je pratique le graphisme depuis 5 ans et réaliser plusieurs projets.</p></div></div></content>
        <rdf:type rdf:resource="leap2:entry"/>
        <mahara:artefactplugin mahara:type="interest" mahara:plugin="resume"/>
        <link rel="leap2:is_part_of" href="portfolio:view30971"/>






    </entry>


    <entry>
        <title>ciblez-les-recompenses-1920x1080.jpg</title>
        <id>portfolio:artefact88046</id>

        <updated>2022-09-30T09:09:50+02:00</updated>
        <published>2022-09-30T09:09:50+02:00</published>




        <content type="xhtml"><div xmlns="http://www.w3.org/1999/xhtml"><div></div></div></content>
        <rdf:type rdf:resource="leap2:resource"/>
        <mahara:artefactplugin mahara:type="image" mahara:plugin="file"/>
        <link rel="enclosure" type="image/jpeg" href="export_info/files/88046-ciblez-les-recompenses-1920x1080.jpg"/>
        <link rel="leap2:is_part_of" href="portfolio:view30971"/>


        <category term="Offline" scheme="categories:resource_type#" label="File"/>




    </entry>


    <entry>
        <title>courses-certification-scribble.webp</title>
        <id>portfolio:artefact88054</id>

        <updated>2022-09-30T09:09:01+02:00</updated>
        <published>2022-09-30T09:09:01+02:00</published>




        <content type="xhtml"><div xmlns="http://www.w3.org/1999/xhtml"><div></div></div></content>
        <rdf:type rdf:resource="leap2:resource"/>
        <mahara:artefactplugin mahara:type="file" mahara:plugin="file"/>
        <link rel="enclosure" type="image/webp" href="export_info/files/88054-courses-certification-scribble.webp"/>


        <category term="Offline" scheme="categories:resource_type#" label="File"/>




    </entry>


    <entry>
        <title>TC-certifications &amp; conformité-hero@2x.png</title>
        <id>portfolio:artefact88057</id>

        <updated>2022-09-30T09:09:44+02:00</updated>
        <published>2022-09-30T09:09:44+02:00</published>




        <content type="xhtml"><div xmlns="http://www.w3.org/1999/xhtml"><div></div></div></content>
        <rdf:type rdf:resource="leap2:resource"/>
        <mahara:artefactplugin mahara:type="image" mahara:plugin="file"/>
        <link rel="enclosure" type="image/png" href="export_info/files/88057-TC-certifications &amp; conformité-hero@2x.png"/>
        <link rel="leap2:is_part_of" href="portfolio:view30971"/>


        <category term="Offline" scheme="categories:resource_type#" label="File"/>




    </entry>


    <entry>
        <title>2-3.png</title>
        <id>portfolio:artefact88065</id>

        <updated>2022-09-30T09:09:20+02:00</updated>
        <published>2022-09-30T09:09:20+02:00</published>




        <content type="xhtml"><div xmlns="http://www.w3.org/1999/xhtml"><div></div></div></content>
        <rdf:type rdf:resource="leap2:resource"/>
        <mahara:artefactplugin mahara:type="image" mahara:plugin="file"/>
        <link rel="enclosure" type="image/png" href="export_info/files/88065-2-3.png"/>
        <link rel="leap2:is_part_of" href="portfolio:view30971"/>


        <category term="Offline" scheme="categories:resource_type#" label="File"/>




    </entry>


    <entry>
        <title>bg-featured-second.jpg</title>
        <id>portfolio:artefact88074</id>

        <updated>2022-09-30T09:09:43+02:00</updated>
        <published>2022-09-30T09:09:43+02:00</published>




        <content type="xhtml"><div xmlns="http://www.w3.org/1999/xhtml"><div></div></div></content>
        <rdf:type rdf:resource="leap2:resource"/>
        <mahara:artefactplugin mahara:type="image" mahara:plugin="file"/>
        <link rel="enclosure" type="image/jpeg" href="export_info/files/88074-bg-featured-second.jpg"/>
        <link rel="leap2:is_part_of" href="portfolio:view30971"/>


        <category term="Offline" scheme="categories:resource_type#" label="File"/>




    </entry>


    <entry>
        <title>oweystv.jpg</title>
        <id>portfolio:artefact88100</id>

        <updated>2022-09-30T10:10:17+02:00</updated>
        <published>2022-09-30T10:10:17+02:00</published>




        <content type="xhtml"><div xmlns="http://www.w3.org/1999/xhtml"><div></div></div></content>
        <rdf:type rdf:resource="leap2:resource"/>
        <mahara:artefactplugin mahara:type="image" mahara:plugin="file"/>
        <link rel="enclosure" type="image/jpeg" href="export_info/files/88100-oweystv.jpg"/>


        <category term="Offline" scheme="categories:resource_type#" label="File"/>




    </entry>


    <entry>
        <title>flyer.jpg</title>
        <id>portfolio:artefact88101</id>

        <updated>2022-09-30T10:10:48+02:00</updated>
        <published>2022-09-30T10:10:48+02:00</published>




        <content type="xhtml"><div xmlns="http://www.w3.org/1999/xhtml"><div></div></div></content>
        <rdf:type rdf:resource="leap2:resource"/>
        <mahara:artefactplugin mahara:type="image" mahara:plugin="file"/>
        <link rel="enclosure" type="image/jpeg" href="export_info/files/88101-flyer.jpg"/>


        <category term="Offline" scheme="categories:resource_type#" label="File"/>




    </entry>


    <entry>
        <title>oweystv.jpg.1</title>
        <id>portfolio:artefact88103</id>

        <updated>2022-09-30T10:10:36+02:00</updated>
        <published>2022-09-30T10:10:36+02:00</published>




        <content type="xhtml"><div xmlns="http://www.w3.org/1999/xhtml"><div></div></div></content>
        <rdf:type rdf:resource="leap2:resource"/>
        <mahara:artefactplugin mahara:type="image" mahara:plugin="file"/>
        <link rel="enclosure" type="image/jpeg" href="export_info/files/88103-oweystv.jpg.1"/>


        <category term="Offline" scheme="categories:resource_type#" label="File"/>




    </entry>


    <entry>
        <title>logo alv.jpg</title>
        <id>portfolio:artefact88104</id>

        <updated>2022-09-30T10:10:42+02:00</updated>
        <published>2022-09-30T10:10:42+02:00</published>




        <content type="xhtml"><div xmlns="http://www.w3.org/1999/xhtml"><div></div></div></content>
        <rdf:type rdf:resource="leap2:resource"/>
        <mahara:artefactplugin mahara:type="image" mahara:plugin="file"/>
        <link rel="enclosure" type="image/jpeg" href="export_info/files/88104-logo alv.jpg"/>


        <category term="Offline" scheme="categories:resource_type#" label="File"/>




    </entry>


    <entry>
        <title>le passé musique.jpg</title>
        <id>portfolio:artefact88105</id>

        <updated>2022-09-30T10:10:46+02:00</updated>
        <published>2022-09-30T10:10:46+02:00</published>




        <content type="xhtml"><div xmlns="http://www.w3.org/1999/xhtml"><div></div></div></content>
        <rdf:type rdf:resource="leap2:resource"/>
        <mahara:artefactplugin mahara:type="image" mahara:plugin="file"/>
        <link rel="enclosure" type="image/jpeg" href="export_info/files/88105-le passé musique.jpg"/>


        <category term="Offline" scheme="categories:resource_type#" label="File"/>




    </entry>


    <entry>
        <title>flyer.jpg.1</title>
        <id>portfolio:artefact88106</id>

        <updated>2022-09-30T10:10:50+02:00</updated>
        <published>2022-09-30T10:10:50+02:00</published>




        <content type="xhtml"><div xmlns="http://www.w3.org/1999/xhtml"><div></div></div></content>
        <rdf:type rdf:resource="leap2:resource"/>
        <mahara:artefactplugin mahara:type="image" mahara:plugin="file"/>
        <link rel="enclosure" type="image/jpeg" href="export_info/files/88106-flyer.jpg.1"/>


        <category term="Offline" scheme="categories:resource_type#" label="File"/>




    </entry>


    <entry>
        <title>flemme couleur.jpg</title>
        <id>portfolio:artefact88107</id>

        <updated>2022-09-30T10:10:52+02:00</updated>
        <published>2022-09-30T10:10:52+02:00</published>




        <content type="xhtml"><div xmlns="http://www.w3.org/1999/xhtml"><div></div></div></content>
        <rdf:type rdf:resource="leap2:resource"/>
        <mahara:artefactplugin mahara:type="image" mahara:plugin="file"/>
        <link rel="enclosure" type="image/jpeg" href="export_info/files/88107-flemme couleur.jpg"/>


        <category term="Offline" scheme="categories:resource_type#" label="File"/>




    </entry>


    <entry>
        <title>Arthur Paillot</title>
        <id>portfolio:artefactinternal</id>

        <updated>2022-09-22T14:02:11+02:00</updated>





        <content type="html">&lt;p&gt;Bonjour&lt;/p&gt;</content>
        <rdf:type rdf:resource="leap2:person"/>
        <mahara:artefactplugin mahara:type="internal" mahara:plugin="internal"/>
        <link rel="related" href="portfolio:artefact87061"/>


        <category term="Self" scheme="categories:person_type#"/>






        <leap2:persondata
            mahara:artefactplugin="internal"
            mahara:artefacttype="email"

            leap2:field="email"

            leap2:label="Adresse de courriel"

        >arthur1.paillot@etu.u-pec.fr</leap2:persondata>

        <leap2:persondata
            mahara:artefactplugin="internal"
            mahara:artefacttype="email"

            leap2:field="email"

            leap2:label="Adresse de courriel"

        >a.paillot13@gmail.com</leap2:persondata>

        <leap2:persondata
            mahara:artefactplugin="internal"
            mahara:artefacttype="firstname"

            leap2:field="legal_given_name"

            leap2:label="Prénom"

        >Arthur</leap2:persondata>

        <leap2:persondata
            mahara:artefactplugin="internal"
            mahara:artefacttype="lastname"

            leap2:field="legal_family_name"

            leap2:label="Nom"

        >PAILLOT</leap2:persondata>

        <leap2:persondata
            mahara:artefactplugin="internal"
            mahara:artefacttype="mobilenumber"

            leap2:field="mobile"

            leap2:label="Téléphone mobile"

        >0665297104</leap2:persondata>

        <leap2:persondata
            mahara:artefactplugin="internal"
            mahara:artefacttype="preferredname"

            leap2:field="preferred_given_name"

            leap2:label="Nom préféré"

        >Arthur Paillot</leap2:persondata>

        <leap2:persondata
            mahara:artefactplugin="internal"
            mahara:artefacttype="studentid"

            leap2:field="other"

            leap2:label="Identifiant étudiant"

        >u32204348</leap2:persondata>

        <leap2:persondata
            mahara:artefactplugin="resume"
            mahara:artefacttype="personalinformation/dateofbirth"

            leap2:field="dob"

            leap2:label="Date de naissance"

        >2004-07-13T00:12:00+02:00</leap2:persondata>

        <leap2:persondata
            mahara:artefactplugin="resume"
            mahara:artefacttype="personalinformation/placeofbirth"

            leap2:field="other" mahara:field="placeofbirth"

            leap2:label="Lieu de naissance"

        >Noisy-le-Grand</leap2:persondata>

        <leap2:persondata
            mahara:artefactplugin="resume"
            mahara:artefacttype="personalinformation/gender"

            leap2:field="gender"

            leap2:label="[[gender/artefact.resume]]"

        >1</leap2:persondata>


        <leap2:spatial>

            <leap2:addressline mahara:artefacttype="address">30bis Rue Jean Grandel</leap2:addressline>

            <leap2:addressline mahara:artefacttype="city">Val de Marne</leap2:addressline>

            <leap2:country mahara:artefacttype="country" leap2:countrycode="fra">France</leap2:country>

            <leap2:addressline mahara:artefacttype="town">Bry-sur-Marne</leap2:addressline>

        </leap2:spatial>

    </entry>

</feed>
